"","tissue","row","col","imagerow","imagecol"
"AAACCGTTCGTCCAGG-1",1,52,42,4588,2858
"AAACCTAAGCAGCCGG-1",1,65,83,5522,4565
"AAACGGGCGTACGGGT-1",1,65,91,5521,4898
"AAACTGCTGGCTCCAA-1",1,45,67,4078,3895
"AAAGAATGTGGACTAA-1",1,71,105,5953,5481
"AAAGGCTACGGACCAT-1",1,62,54,5310,3359
"AAAGGCTCTCGCGCCG-1",1,55,55,4803,3399
"AAAGGGATGTAGCAAG-1",1,24,62,2560,3682
"AAATACCTATAAGCAT-1",1,47,69,4222,3979
"AAATCCGATACACGCC-1",1,65,87,5522,4731
"AAATCGTGTACCACAA-1",1,44,56,4007,3437
"AACATAGCGTGTATCG-1",1,75,83,6245,4568
"AACATTGTGACTCGAG-1",1,64,52,5454,3276
"AACCCAGAGACGGAGA-1",1,15,39,1912,2723
"AACCTCGCTTTAGCCC-1",1,62,82,5305,4523
"AACCTTTAAATACGGT-1",1,54,68,4729,3939
"AACGACCTCCTAGCCG-1",1,71,119,5951,6063
"AACGATAGAAGGGCCG-1",1,15,53,1910,3305
"AACGCGACCTTGGGCG-1",1,67,53,5671,3319
"AACGGCCATCTCCGGT-1",1,47,39,4227,2732
"AACGTACTGTGGGTAC-1",1,48,42,4299,2856
"AACGTCAGACTAGTGG-1",1,24,40,2563,2767
"AACGTCGCTGCACTTC-1",1,73,109,6097,5648
"AACTAGGCTTGGGTGT-1",1,55,61,4802,3648
"AACTCTCAGTGTGCTC-1",1,53,41,4661,2816
"AACTGGGTCCCGACGT-1",1,20,66,2270,3847
"AAGACATACGTGGTTT-1",1,68,114,5734,5855
"AAGACCCAACTGAACA-1",1,60,54,5165,3358
"AAGACTGCAAGCTACT-1",1,36,68,3427,3934
"AAGCATACTCTCCTGA-1",1,53,69,4656,3980
"AAGCTAGATCGAGTAA-1",1,50,68,4439,3938
"AAGGCGCGTAAAGCTT-1",1,24,38,2563,2684
"AAGTAGAAGACCGGGT-1",1,19,47,2200,3057
"AAGTGAGTCGGGTTTA-1",1,62,48,5310,3110
"AAGTTGTGATGTTATA-1",1,66,106,5591,5521
"AATACCTGATGTGAAC-1",1,74,100,6171,5274
"AATAGAACAGAGTGGC-1",1,52,46,4587,3024
"AATAGTCCGTCCCGAC-1",1,57,57,4947,3482
"AATCCAAGGGCCTGAG-1",1,13,47,1767,3055
"AATCGGTATAGCCCTC-1",1,71,109,5952,5647
"AATCGTGAGCCGAGCA-1",1,67,83,5667,4566
"AATGACTGTCAGCCGG-1",1,23,47,2490,3058
"AATGCAACCGGGTACC-1",1,25,59,2633,3557
"AATGGTTCTCACAAGC-1",1,19,35,2202,2558
"AATGTTGTCGTGAGAC-1",1,68,108,5735,5605
"AATTAAAGGTCGGCGT-1",1,40,50,3719,3187
"AATTAGCGCTGCAGCG-1",1,51,63,4513,3730
"AATTATACCCAGCAAG-1",1,75,89,6245,4817
"AATTCTAGAGTTAGGC-1",1,49,63,4368,3730
"AATTGCAGCAATCGAC-1",1,64,102,5447,5355
"AATTGTGGTTGCCAAA-1",1,65,119,5517,6062
"ACAACGGTCCCTGCGA-1",1,22,30,2420,2351
"ACAAGGAAATCCGCCC-1",1,49,75,4366,4228
"ACACAAAGACGGGTGG-1",1,24,56,2561,3432
"ACACCCAGCATGCAGC-1",1,24,50,2562,3183
"ACACCCGAGAAATCCG-1",1,19,39,2202,2724
"ACACCTTAAGTAGGGC-1",1,25,43,2635,2892
"ACACTGATCAAGGTGT-1",1,52,48,4587,3107
"ACAGGCACGGATCCTT-1",1,69,95,5810,5065
"ACAGGTGGAGGTGAGG-1",1,51,39,4516,2733
"ACATAATAAGGCGGTG-1",1,21,63,2343,3722
"ACATCCCGGCCATACG-1",1,55,57,4803,3482
"ACATCGATCGTTTACC-1",1,42,62,3862,3686
"ACATTAGTTTATATCC-1",1,51,61,4513,3647
"ACATTTGAAACCTAAC-1",1,73,99,6098,5232
"ACCAACCGCACTCCAC-1",1,65,97,5520,5147
"ACCAACGCTTATTTAT-1",1,53,49,4659,3149
"ACCAAGAACGCGTGTC-1",1,17,49,2056,3139
"ACCAAGTCATCGGCAG-1",1,70,106,5880,5523
"ACCACCAATGTAACAA-1",1,41,107,3783,5557
"ACCACGTGCAGCTATA-1",1,48,76,4294,4270
"ACCATATCCGCAATAA-1",1,38,56,3573,3436
"ACCATCGTATATGGTA-1",1,42,42,3865,2855
"ACCCGGAAACTCCCAG-1",1,57,65,4946,3815
"ACCCGGTTACACTTCC-1",1,42,48,3864,3104
"ACCCGTAGTCTAGTTG-1",1,68,118,5734,6021
"ACCCGTGTCATCAGTA-1",1,58,54,5020,3358
"ACCCTATGCCATATCG-1",1,56,40,4878,2775
"ACCCTCCCGTCAGGGC-1",1,69,99,5809,5231
"ACGACTCTAGGGCCGA-1",1,71,93,5955,4982
"ACGCAAACTAATAGAT-1",1,63,47,5383,3068
"ACGCCAGATGATTTCT-1",1,17,73,2052,4137
"ACGCCAGTGCGTTTGC-1",1,72,102,6026,5357
"ACGCCGCTAGACGACC-1",1,43,71,3933,4061
"ACGCGAAGTCAGACGA-1",1,49,59,4369,3563
"ACGGAACACGAGTGCC-1",1,73,101,6098,5315
"ACGGCACTTGCTTGGG-1",1,52,60,4585,3606
"ACGGCCAACATGGACT-1",1,53,55,4658,3398
"ACGGCGACGATGGGAA-1",1,49,77,4366,4312
"ACGGTACAGTTCAATG-1",1,71,97,5954,5149
"ACGTGCGCCTCGTGCA-1",1,17,63,2053,3721
"ACGTTAATGTCGAAGA-1",1,41,69,3788,3977
"ACGTTCGTTCAGGAAA-1",1,60,44,5166,2943
"ACGTTCTGTACAAGTC-1",1,65,95,5520,5064
"ACTACCAGCTCTCTGG-1",1,25,41,2635,2809
"ACTACGCGTTAGAATT-1",1,60,56,5165,3442
"ACTATTTCCGGGCCCA-1",1,59,41,5094,2818
"ACTCCCTAGAATAGTA-1",1,48,70,4295,4020
"ACTCCGGCCGACCACT-1",1,70,90,5883,4857
"ACTCGCCGTTCGATAA-1",1,67,111,5663,5730
"ACTCTGACCTAATAGA-1",1,69,97,5809,5148
"ACTCTTGTATAGTAAC-1",1,36,70,3427,4017
"ACTGCCGTCGTAACTC-1",1,16,70,1980,4012
"ACTGTAGCACTTTGGA-1",1,27,39,2780,2726
"ACTTAGTACGACAAGA-1",1,14,32,1841,2432
"ACTTATTAGGATCGGT-1",1,38,52,3574,3270
"ACTTGACTCCCTCTTT-1",1,42,72,3860,4102
"AGAACTGTACTTTGTA-1",1,74,96,6171,5108
"AGAAGGTTGCCGAATT-1",1,42,44,3864,2938
"AGAAGGTTGTAGGTCG-1",1,64,78,5451,4357
"AGAATACAGGCTATCC-1",1,75,99,6243,5233
"AGACCATGGGATACAA-1",1,22,28,2420,2268
"AGACCCACCGCTGATC-1",1,49,65,4368,3813
"AGACCCGCCCTCCTCG-1",1,26,56,2705,3433
"AGAGCGTACAAGCTCG-1",1,24,28,2565,2268
"AGATACCAATAGAACC-1",1,64,110,5446,5687
"AGATACGACTTCATAT-1",1,15,35,1913,2557
"AGATGACTCGCCCACG-1",1,21,55,2344,3390
"AGCAGCCAGATGAATA-1",1,56,58,4875,3524
"AGCAGTCGAAGCATGC-1",1,74,84,6173,4609
"AGCATCGTCGATAATT-1",1,22,52,2417,3265
"AGCATTACGAGGCAAG-1",1,67,105,5664,5480
"AGCCAAGCTTTGTGTC-1",1,64,58,5454,3526
"AGCCACAGGTTACCCG-1",1,63,89,5377,4814
"AGCCACTCCCGTGCTT-1",1,23,81,2485,4471
"AGCCCGCAACAAGCAG-1",1,68,54,5743,3361
"AGCCCGCACTACAATG-1",1,73,111,6097,5731
"AGCCCGGTAGCCTGTA-1",1,61,49,5238,3151
"AGCGACATCCCATTCA-1",1,17,59,2054,3555
"AGCGACCAACGATATT-1",1,25,55,2633,3391
"AGCGATGCGCCTAATA-1",1,64,108,5446,5604
"AGCGCATAATGAATCG-1",1,57,55,4948,3399
"AGCGGACACTTCGTAG-1",1,62,62,5308,3691
"AGCGGGAAGGGTCCAT-1",1,13,37,1768,2640
"AGCGTGGTATTCTACT-1",1,45,71,4077,4061
"AGCTAAGTACGCAGGC-1",1,64,86,5449,4690
"AGCTATTTAATCCAAC-1",1,16,74,1979,4178
"AGCTCTTTACTCAGTT-1",1,41,45,3792,2979
"AGCTGAAGTAAACCAA-1",1,20,84,2267,4595
"AGCTTCTTCTCGAGCA-1",1,68,100,5737,5273
"AGGACATCGCACGTCG-1",1,16,38,1985,2682
"AGGACATCGGCACACT-1",1,68,122,5733,6187
"AGGACGACCCATTAGA-1",1,43,45,3937,2980
"AGGATAAAGTCGGGAT-1",1,53,65,4657,3814
"AGGATATCCGACTGCA-1",1,71,95,5954,5066
"AGGCAGGGAGCGTACT-1",1,59,49,5093,3150
"AGGCCCATTGTACAGG-1",1,15,55,1910,3388
"AGGCTATGGTTAGCTT-1",1,26,30,2709,2352
"AGGCTTCCCGAAGAAG-1",1,50,42,4443,2857
"AGGGACTCTACGCGAC-1",1,55,53,4803,3316
"AGGGCGTGATCGGCTA-1",1,17,45,2056,2973
"AGGGTCTGGACGCAGT-1",1,69,119,5806,6063
"AGGTAACCTCCTATTC-1",1,13,41,1767,2806
"AGGTGCACGTCCACAT-1",1,70,104,5881,5439
"AGGTGGTGACCTTCGC-1",1,64,56,5454,3443
"AGGTTACACCATGCCG-1",1,43,115,3926,5890
"AGGTTTCACACACCTT-1",1,41,67,3789,3894
"AGTAACTATAGCAGCC-1",1,71,107,5953,5564
"AGTAAGGGACAGAATC-1",1,77,105,6387,5483
"AGTAATCTAAGGGTGG-1",1,74,88,6172,4775
"AGTAATGTCTTGCCGC-1",1,16,60,1982,3596
"AGTAGGTAACATACAT-1",1,13,51,1766,3221
"AGTATAATACTAGGCA-1",1,25,33,2637,2476
"AGTATACACAGCGACA-1",1,64,48,5455,3110
"AGTATTTGGCACGACC-1",1,58,52,5021,3275
"AGTCAACACCACCATC-1",1,41,47,3792,3062
"AGTCGGCCCAAACGAC-1",1,25,39,2636,2726
"AGTCGTATAAAGCAGA-1",1,65,81,5522,4482
"AGTGACCTACTTTACG-1",1,44,52,4008,3271
"AGTGAGTCGAATTAAC-1",1,67,109,5663,5646
"AGTGATATGAGTAGTT-1",1,45,49,4081,3147
"AGTGCGTAGCTCGTAA-1",1,46,42,4154,2856
"AGTGGCCCGCAAATGG-1",1,73,95,6099,5066
"AGTGGCGTCTGAAGGT-1",1,62,86,5305,4689
"AGTTAAACACTTGCGA-1",1,40,44,3720,2938
"AGTTAAGCGGTCCCGG-1",1,16,80,1979,4428
"AGTTCCTATTTATGTT-1",1,43,65,3934,3811
"AGTTGGCAAGGCTAGA-1",1,68,106,5736,5522
"ATAAACGGACCCGTAA-1",1,47,61,4224,3646
"ATAAAGGCTCGGTCGT-1",1,34,50,3285,3185
"ATAAGGTGGAGAACAT-1",1,50,72,4439,4104
"ATAAGTTACCGCGACG-1",1,46,52,4153,3272
"ATAATAGCTGTTGAAT-1",1,47,63,4223,3729
"ATAATAGTGTAGGGAC-1",1,18,30,2131,2350
"ATACCTAACCAAGAAA-1",1,58,64,5019,3774
"ATACGGGTTTCGATTG-1",1,22,82,2412,4512
"ATACTAGCATGACCCT-1",1,21,61,2343,3639
"ATAGCCATAACAGTCA-1",1,72,114,6024,5856
"ATAGGGATATCCTTGA-1",1,21,71,2342,4055
"ATAGTGAAGCGTTCTC-1",1,41,57,3790,3478
"ATATAACACGGGCGCA-1",1,66,94,5593,5023
"ATATCTCCCTCGTTAA-1",1,19,87,2194,4719
"ATATTCAGTTAAACCT-1",1,44,40,4010,2772
"ATATTGCTGTCAAAGT-1",1,18,32,2130,2433
"ATCACATTAGAATATC-1",1,20,82,2268,4512
"ATCACGTGCTAATTAA-1",1,46,36,4155,2607
"ATCACTTCATCCTCGC-1",1,21,67,2342,3889
"ATCAGACGGCACGCCG-1",1,44,42,4009,2855
"ATCAGTAGGCAGGGAT-1",1,23,87,2484,4720
"ATCATCCAATATTTGT-1",1,39,59,3645,3561
"ATCCAACGCAGTCATA-1",1,25,37,2636,2643
"ATCCAGAGCAACAACC-1",1,50,52,4442,3273
"ATCCAGGATTCGTGAA-1",1,40,46,3720,3021
"ATCCTACCTAAGCTCT-1",1,44,48,4009,3105
"ATCCTGCGTGGAATGG-1",1,45,47,4081,3064
"ATCGACCCAATACAGA-1",1,43,63,3934,3728
"ATCGACTCTTTCCGTT-1",1,23,61,2488,3640
"ATCGCACGCCGGGAGA-1",1,25,57,2633,3474
"ATCTAATATCCTACGG-1",1,55,67,4801,3897
"ATCTACCATCTGCTCC-1",1,70,88,5883,4774
"ATCTCCCTGCAATCTA-1",1,16,72,1980,4095
"ATCTGTAATTGTACCC-1",1,15,57,1910,3471
"ATCTTATCGCACACCC-1",1,64,104,5447,5438
"ATGAAGCCAAGGAGCC-1",1,22,46,2418,3016
"ATGACGCCGGCTCTAA-1",1,16,58,1982,3513
"ATGAGGAGTGTTAATC-1",1,25,35,2636,2560
"ATGATCGGGAATAGAC-1",1,16,54,1982,3347
"ATGATGCAATGGTACA-1",1,44,50,4008,3188
"ATGCCATTTGCGACCA-1",1,43,91,3930,4892
"ATGCCGGTTGATGGGA-1",1,19,83,2195,4553
"ATGCTCAGTGTTGCAT-1",1,21,29,2348,2309
"ATGGAGCAGGCCGTGA-1",1,36,66,3427,3851
"ATGGATCCGGCGTCCG-1",1,19,79,2196,4387
"ATGGGCCTCGGCCTCT-1",1,45,91,4074,4893
"ATGGTCGCGTGGTTTC-1",1,45,85,4075,4643
"ATGTACATGCGGTGAG-1",1,64,112,5445,5770
"ATGTGCATCCGACGCA-1",1,23,57,2488,3473
"ATGTGGACATCTTGAT-1",1,47,71,4222,4062
"ATGTTGATTAGAGACT-1",1,68,92,5738,4940
"ATGTTGTAGTCTGTTT-1",1,65,47,5528,3069
"ATTAAACATGCGGACC-1",1,43,59,3935,3562
"ATTACTAGCCTCTTGC-1",1,18,44,2129,2932
"ATTAGATTGATAGCGG-1",1,19,49,2200,3140
"ATTATACTTTGCTCGT-1",1,18,78,2124,4345
"ATTATGCCATAGGGAG-1",1,21,53,2344,3307
"ATTATTCAGAGTCACT-1",1,67,97,5665,5148
"ATTCACTGATGTTGGA-1",1,56,68,4873,3939
"ATTCATATACTGTCCA-1",1,46,60,4151,3604
"ATTCCTCCGCCAGTGC-1",1,23,39,2491,2725
"ATTCGCGCCTTGAGAG-1",1,65,107,5519,5563
"ATTCGTGCTATCTCTT-1",1,42,110,3855,5682
"ATTCTCGTCTCTTTAG-1",1,11,51,1621,3221
"ATTGCCTTTATGTTTG-1",1,64,84,5450,4606
"ATTGGGAATATCTTGG-1",1,12,52,1693,3263
"ATTGGTTGTGCATTAC-1",1,72,106,6025,5523
"ATTTAACTCGTATTAC-1",1,14,52,1838,3263
"ATTTGTTCCAGGGCTC-1",1,19,71,2197,4054
"CAAACGAGTATCGCAG-1",1,47,47,4226,3064
"CAAATGTCCTTCCGTG-1",1,45,53,4080,3313
"CAACGACCCGTTTACA-1",1,20,50,2272,3182
"CAACGGTTCTTGATAC-1",1,18,38,2130,2682
"CAACTATATCGAATGC-1",1,15,79,1906,4386
"CAACTCCTTGATCCCG-1",1,18,46,2128,3015
"CAACTGCTCATCCGAT-1",1,59,55,5092,3400
"CAAGAGGGCGGAGTAC-1",1,46,74,4149,4186
"CAAGCACCAAATGCCT-1",1,18,66,2125,3846
"CAAGGATCGCATGTTC-1",1,40,68,3716,3935
"CAAGGCCAGTGGTGCA-1",1,66,100,5592,5272
"CAATATTCTTGACCTA-1",1,54,40,4733,2775
"CAATTTCGTATAAGGG-1",1,37,63,3500,3727
"CACAAACCGCAGAACT-1",1,71,115,5951,5897
"CACAATGAGCTGCTAT-1",1,42,50,3864,3187
"CACAGCTAGGGAGTGA-1",1,20,60,2271,3597
"CACAGGGCCGTTGTCA-1",1,62,60,5309,3608
"CACATATTAGCAGGAT-1",1,47,73,4222,4145
"CACATGATTCAGCAAC-1",1,38,64,3572,3768
"CACCCACACGTCACCC-1",1,17,43,2056,2890
"CACCCACGAGGCAATT-1",1,20,86,2267,4678
"CACCGATGATGGGTAC-1",1,71,117,5951,5980
"CACCGGGCATCACAAG-1",1,72,94,6027,5024
"CACCTAATCAGTTTAC-1",1,20,72,2269,4096
"CACCTCGATGGTGGAC-1",1,18,70,2125,4013
"CACCTTGGCGCCTTTG-1",1,43,103,3928,5391
"CACTCAAGAGCTATGG-1",1,39,57,3646,3478
"CACTCGAGCTGAACAA-1",1,48,74,4294,4187
"CACTGACGATTGTGGA-1",1,65,51,5527,3235
"CACTGTCCAAGTGAGA-1",1,19,43,2201,2890
"CACTTCGCCACAGGCT-1",1,21,31,2348,2392
"CAGACACCGATCGCTG-1",1,53,51,4659,3232
"CAGACGAACCTGATAC-1",1,50,50,4442,3190
"CAGAGACGGTCACCCA-1",1,51,57,4513,3481
"CAGAGGCGATGCATGA-1",1,54,48,4732,3107
"CAGATAATGGGCGGGT-1",1,66,102,5592,5355
"CAGCGATTCCCTTCAA-1",1,53,43,4660,2899
"CAGCTCGTGCTTGTGT-1",1,14,42,1840,2848
"CAGGATATATCGTTGT-1",1,44,60,4007,3604
"CAGGCAGTCTTACCAG-1",1,65,85,5522,4648
"CAGGCGCCATGCTAGG-1",1,49,73,4366,4145
"CAGTAATCCCTCCCAG-1",1,21,25,2348,2143
"CAGTCTGTATACTGGG-1",1,42,66,3861,3853
"CAGTGTCCGCAGAATG-1",1,15,37,1913,2640
"CATACAAAGCCGAACC-1",1,13,35,1768,2556
"CATACACGGTTCCCAC-1",1,61,55,5237,3400
"CATACGGCGTCTGGGC-1",1,39,63,3645,3727
"CATACTTCTTTCTCCG-1",1,68,52,5744,3277
"CATAGAGGAGATACTA-1",1,69,87,5811,4732
"CATAGCGTTGCCCACC-1",1,54,42,4733,2858
"CATAGTACATTGAGAG-1",1,15,77,1907,4303
"CATAGTAGCATAGTAG-1",1,19,45,2201,2974
"CATAGTCAAATACATA-1",1,65,93,5521,4981
"CATATAGGTACAGTCA-1",1,43,55,3935,3396
"CATCCCGAGATTCATA-1",1,69,115,5807,5896
"CATCGCCCGCGGCCAA-1",1,14,44,1839,2931
"CATCGGACGGGTTAAT-1",1,42,58,3862,3520
"CATCTGCAGGATCATT-1",1,28,8,2857,1438
"CATGAACCGACATTTG-1",1,11,43,1622,2888
"CATGATCGCTTTGAGA-1",1,66,116,5590,5937
"CATGATGCACAATTCT-1",1,21,69,2342,3972
"CATGGCAGGAAGATCG-1",1,17,57,2054,3472
"CATGGGTCGGGTGTGG-1",1,21,85,2339,4637
"CATGGTTTATTAATCA-1",1,69,103,5808,5398
"CATTACGCAGGAAGGG-1",1,71,101,5953,5315
"CATTACGTCGGCCCGT-1",1,19,65,2198,3805
"CATTTGAGTGGTACGT-1",1,50,48,4442,3106
"CCAAACAGAACCCTCG-1",1,22,48,2417,3099
"CCAAGAAAGTGGGCGA-1",1,52,52,4587,3273
"CCAAGACTTCTGCGAA-1",1,20,62,2271,3681
"CCAAGGAACAGAGAGG-1",1,14,48,1839,3097
"CCAAGGTTGCCCTTTC-1",1,69,109,5808,5647
"CCAATTGAATGTTAAT-1",1,20,46,2273,3015
"CCACACTGAGATATTA-1",1,39,49,3647,3145
"CCACCAACTTTACTGT-1",1,52,40,4588,2774
"CCACGAATTTAACCTC-1",1,41,109,3782,5640
"CCACGAGAAGAGAATC-1",1,17,75,2052,4220
"CCACTCAGATCCGCAA-1",1,72,80,6029,4442
"CCAGAAACTGATGCGA-1",1,69,117,5806,5980
"CCAGCCTGGACCAATA-1",1,37,65,3500,3810
"CCAGTCTAGACGGCGC-1",1,24,86,2556,4679
"CCAGTCTTGTCATAGA-1",1,59,59,5092,3566
"CCAGTTCGGTAACTCA-1",1,73,89,6100,4817
"CCATAGGTTGGCGTGG-1",1,18,62,2126,3680
"CCATCCATACCAAGTC-1",1,14,38,1840,2681
"CCATCGCAGTTAAACT-1",1,50,62,4440,3688
"CCATGCTCTGCAGGAA-1",1,21,43,2346,2891
"CCCAAGTCATTACACT-1",1,68,96,5737,5106
"CCCATATAGGTCGATT-1",1,65,117,5517,5978
"CCCGACCATAGTCCGC-1",1,20,74,2269,4179
"CCCGCAGCGCGAACTA-1",1,49,67,4367,3896
"CCCGCCATGCTCCCGT-1",1,19,41,2201,2807
"CCCGGCACGTGTCAGG-1",1,76,104,6315,5441
"CCCGTCAGCGTCTGAC-1",1,23,51,2489,3224
"CCCTACCCACACCCAG-1",1,74,90,6172,4858
"CCCTACTTGAACAATG-1",1,70,86,5883,4691
"CCCTCATTCTGGAATT-1",1,16,44,1984,2931
"CCCTTTAATGGAGTTC-1",1,63,109,5374,5645
"CCCTTTGACAGGTCTT-1",1,50,56,4441,3439
"CCGAACCTTCCCGGCC-1",1,49,71,4367,4062
"CCGCACTTGCAATGAC-1",1,69,107,5808,5564
"CCGCATGTGGTACGAT-1",1,56,66,4874,3856
"CCGCCGGTCAACACAC-1",1,13,55,1765,3388
"CCGCGGAATGCGTCAC-1",1,51,45,4515,2982
"CCGCTATCAGCACCAG-1",1,45,63,4079,3729
"CCGGAAGTGCAATATG-1",1,75,105,6242,5482
"CCGGAATGGTTTCAGT-1",1,24,32,2564,2435
"CCGGAGCGTACTTTCT-1",1,58,56,5020,3441
"CCGGCGCATATTGGAT-1",1,14,56,1837,3430
"CCGGGACCCGCAGAGA-1",1,16,52,1983,3264
"CCGGTTTGTAATTGTG-1",1,56,42,4877,2859
"CCGTGCCCATGACGGC-1",1,12,48,1694,3096
"CCGTTACGTTAGAACA-1",1,20,88,2267,4761
"CCTAAATTAACGGTTC-1",1,42,68,3861,3936
"CCTACGGCTCAGTCGA-1",1,16,32,1986,2432
"CCTATACCGTCCTGTC-1",1,55,45,4805,2983
"CCTATATTTGTCCTGG-1",1,62,52,5310,3276
"CCTATCTATATCGGAA-1",1,19,77,2196,4304
"CCTCACCAATCTTGAC-1",1,17,35,2058,2557
"CCTCGCCAGCAAATTA-1",1,18,74,2124,4179
"CCTCGCGCTGTGCGAT-1",1,57,59,4947,3565
"CCTCTGGCCTAGACGG-1",1,15,75,1907,4220
"CCTCTGTACTATTCTA-1",1,53,61,4658,3648
"CCTGACCACCGATGGT-1",1,45,61,4079,3645
"CCTGATTCGCGAAGAA-1",1,75,93,6244,4983
"CCTGCTACAACCATAC-1",1,77,107,6386,5566
"CCTTAAGTACGCAATT-1",1,75,97,6243,5150
"CCTTCAGTTAAAGTGA-1",1,61,47,5238,3068
"CCTTCTTGATCCAGTG-1",1,19,73,2197,4138
"CCTTTAAGGGAGCACT-1",1,58,50,5021,3192
"CGAACCCGCATGCGTC-1",1,49,49,4370,3148
"CGAATGACGCATAATG-1",1,63,57,5381,3484
"CGAGACCCTAGAGTGT-1",1,43,61,3934,3645
"CGAGACTACTGCTGCT-1",1,72,98,6026,5191
"CGAGAGCTTTCACTAC-1",1,64,88,5449,4773
"CGAGATTTCGCTCGGG-1",1,42,116,3854,5931
"CGAGCACTTCAAGTTT-1",1,23,25,2493,2143
"CGAGCGTTGATCAGCC-1",1,12,46,1694,3013
"CGAGCTGGGCTTTAGG-1",1,17,67,2053,3888
"CGAGGGTATCCAGGTG-1",1,64,60,5453,3609
"CGATAATACTCAGGTT-1",1,43,117,3926,5973
"CGATACCTCGCGGACA-1",1,40,48,3719,3104
"CGATAGTCGTACTGCA-1",1,66,88,5594,4773
"CGATCCGACCCAGTGC-1",1,38,50,3574,3186
"CGATTAAATATCTCCT-1",1,56,62,4874,3690
"CGATTCGCCTGGCTGC-1",1,57,73,4945,4147
"CGCAATTACTTTCGGT-1",1,23,33,2492,2476
"CGCATGCCGAATGCGT-1",1,67,89,5666,4815
"CGCATGGTGCGATGCT-1",1,40,66,3717,3852
"CGCCCAGCACGCCTAG-1",1,59,51,5093,3233
"CGCCCAGCGTTTCACG-1",1,65,89,5521,4815
"CGCCCGCTTCCGTACA-1",1,18,80,2123,4428
"CGCCTCCCTCCTCTAT-1",1,43,73,3932,4144
"CGCGAAGTGGCATACT-1",1,64,96,5448,5105
"CGCGCATGTTTGATTG-1",1,50,54,4442,3356
"CGCGCCCGACTTAATA-1",1,21,75,2341,4221
"CGCGGGAATTCCTTTC-1",1,72,84,6028,4609
"CGCTATACCGCCCACT-1",1,14,36,1840,2598
"CGCTATTCAATGTATG-1",1,19,31,2203,2392
"CGCTATTCTTAGGCTC-1",1,38,60,3573,3602
"CGCTCGACATAATGAT-1",1,21,45,2345,2974
"CGCTGTGACGCCGCAC-1",1,25,47,2634,3058
"CGCTGTGTGGATGTTG-1",1,59,43,5094,2901
"CGCTTAGTATTGATAC-1",1,66,52,5599,3277
"CGCTTCCACTGAAATC-1",1,18,42,2129,2849
"CGCTTCGGTCTAAGAC-1",1,66,104,5591,5438
"CGCTTTCATACCGGTG-1",1,14,50,1838,3180
"CGGAAAGAATCAAACG-1",1,58,48,5021,3108
"CGGAACGTAAACATAG-1",1,47,45,4226,2981
"CGGAGCAATTTAATCG-1",1,54,60,4730,3606
"CGGAGCATGGCGATCC-1",1,39,67,3644,3893
"CGGCAAACATCGTGCG-1",1,52,66,4584,3855
"CGGCAATAAGATCGCC-1",1,54,108,4723,5601
"CGGGAATTTATGTAAA-1",1,45,65,4078,3812
"CGGGATCAATGTAAGA-1",1,23,59,2488,3557
"CGGGCCTTCTTTGTAA-1",1,41,55,3790,3395
"CGGTCCGTCGCAAGCC-1",1,63,51,5382,3234
"CGGTCTATCAACCCGT-1",1,18,82,2123,4511
"CGGTGCGCGTTGGTCC-1",1,49,39,4372,2732
"CGGTGTACTTGATCCC-1",1,17,31,2058,2391
"CGTAGAGAGTAATTAT-1",1,67,87,5666,4732
"CGTATCTAGAACTAAG-1",1,66,120,5589,6103
"CGTCACGTCCATTGGT-1",1,47,51,4225,3230
"CGTCAGTGCGCACAAG-1",1,11,49,1622,3138
"CGTCCTCATCGCGTGC-1",1,71,111,5952,5731
"CGTCTGGAAGGGCCCG-1",1,16,62,1981,3679
"CGTGAAGTTAATTCAC-1",1,40,56,3718,3436
"CGTGACCAGTCCTCTG-1",1,63,55,5382,3401
"CGTGCACACCACTGTA-1",1,72,90,6027,4858
"CGTGTATGGGAGCTGA-1",1,65,111,5518,5729
"CGTTCAGACCCGCGAA-1",1,65,61,5525,3651
"CGTTTAAGCGGAGCAC-1",1,13,59,1765,3554
"CGTTTGTGTAGAGGGT-1",1,55,41,4805,2817
"CTAAAGGGAAATAGGA-1",1,44,62,4006,3687
"CTAAGGGAATGATTGG-1",1,44,72,4005,4102
"CTAATTTCAACAACAC-1",1,21,27,2348,2226
"CTAGTAGAAAGGGATT-1",1,63,81,5378,4482
"CTAGTCACGTCTTAAG-1",1,37,69,3499,3976
"CTAGTTACAACCCGGT-1",1,53,67,4657,3897
"CTATCGGGTCTCAACA-1",1,35,69,3354,3975
"CTATGCCCGAATGCAA-1",1,63,59,5381,3567
"CTATTCATGTGTCCCA-1",1,52,62,4585,3689
"CTCAACTAACCCGGAT-1",1,63,85,5377,4648
"CTCAGGACTCACCTGT-1",1,16,30,1986,2349
"CTCATAAATGTGTATA-1",1,74,106,6170,5524
"CTCATTCGTGAACATC-1",1,27,3,2786,1230
"CTCATTTGATGGGCGG-1",1,22,62,2415,3681
"CTCCGCCCACATGAGG-1",1,43,39,3938,2730
"CTCCGGCCTAATATGC-1",1,19,59,2199,3556
"CTCCTCCAGCTCACAC-1",1,62,50,5310,3193
"CTCGCCGAATGTAGGG-1",1,60,64,5163,3774
"CTCGCTAGGTAAGCGA-1",1,72,96,6026,5107
"CTCGGGTTCTCTGGCC-1",1,61,27,5241,2236
"CTCGGTCCGTAGCCTG-1",1,18,50,2128,3181
"CTCGTCTGTGCCTTCG-1",1,70,82,5884,4525
"CTCTAGCCCTCGGAAA-1",1,66,90,5593,4856
"CTCTATTTGGCTGCAG-1",1,48,68,4295,3937
"CTCTGCGAAGCAAGCA-1",1,12,50,1694,3180
"CTCTGTCCATGCACCA-1",1,75,91,6244,4900
"CTCTTGTCCCGCTTGG-1",1,54,58,4730,3523
"CTGAAAGAGATCCGAC-1",1,19,69,2197,3971
"CTGAATCCGAGACCTC-1",1,47,53,4225,3313
"CTGCACAACTACATAT-1",1,50,76,4438,4270
"CTGCACCTGGAACCGC-1",1,15,49,1911,3139
"CTGCCAAGGTTGGAAG-1",1,21,77,2341,4304
"CTGCCATGCATCACAT-1",1,40,62,3717,3686
"CTGCCTTTCTAGTAAA-1",1,63,93,5376,4980
"CTGGATTTACACTTGA-1",1,49,55,4369,3397
"CTGGCGACATAAGTCC-1",1,17,81,2051,4470
"CTGGCGATTTACATGT-1",1,73,107,6097,5565
"CTGGCTGGTTGTCAGT-1",1,54,56,4731,3440
"CTGGGCTACTGGAGAG-1",1,76,108,6314,5607
"CTGGTAAAGACTTACA-1",1,71,99,5954,5232
"CTGTACTTCTTAGCAT-1",1,39,51,3646,3228
"CTGTAGCCATCTCACT-1",1,56,46,4877,3025
"CTGTATGGTGTAGAAA-1",1,20,32,2275,2434
"CTGTCAAATGGCTCGG-1",1,23,83,2484,4554
"CTGTGCAGGGTAGGTC-1",1,42,70,3861,4019
"CTGTTACCCAATCTAG-1",1,48,58,4296,3522
"CTGTTCACTGCCTGTG-1",1,22,56,2416,3432
"CTGTTCATCTCACGGG-1",1,22,34,2419,2517
"CTTAACTTACAGTATA-1",1,70,112,5879,5772
"CTTACACTGGGAAATA-1",1,16,48,1983,3098
"CTTCAGTTGGACAACG-1",1,73,91,6100,4900
"CTTCATAGCTCAAGAA-1",1,19,37,2202,2641
"CTTCCGCTCCGTGAAG-1",1,56,50,4876,3191
"CTTCGATTGCGCAAGC-1",1,68,88,5738,4774
"CTTCTATTAATGCTAG-1",1,51,47,4515,3065
"CTTCTTACGTCGTATA-1",1,14,60,1837,3596
"CTTGATGACCATCCAG-1",1,70,98,5882,5190
"CTTGCCCACCCACGCA-1",1,70,100,5881,5273
"CTTGCCCAGGCTCTAC-1",1,45,55,4080,3396
"CTTGGCCAAGCTGGGA-1",1,61,57,5237,3483
"CTTGTACTTGTTGACT-1",1,21,51,2345,3224
"CTTGTCAACATTCGAG-1",1,50,66,4440,3855
"CTTGTTTATGTAGCCA-1",1,18,28,2131,2267
"CTTTAATATTGGTCGA-1",1,51,73,4511,4146
"CTTTAGTGCTATTATT-1",1,44,64,4006,3770
"CTTTCTGTGCGGGCTT-1",1,54,66,4729,3856
"GAAACCGAATTACCTT-1",1,45,51,4080,3230
"GAAACCTATACAAATG-1",1,60,52,5165,3275
"GAAAGCAGTGCACTTT-1",1,56,54,4876,3357
"GAAAGTGACTAACTGC-1",1,25,31,2637,2393
"GAAATACTAAACGTTT-1",1,18,22,2132,2017
"GAAATCGCGCGCAACT-1",1,18,68,2125,3929
"GAAATTCACATCGCTG-1",1,13,49,1766,3138
"GAAATTGTCTCTATAA-1",1,43,53,3935,3312
"GAACAACTGGGATGAA-1",1,67,85,5667,4649
"GAACACACATCAACCA-1",1,22,50,2417,3182
"GAACAGATTACTAAAT-1",1,57,71,4945,4064
"GAACCTTTAACGATCC-1",1,63,79,5378,4398
"GAACGACCGAATGATA-1",1,19,63,2198,3722
"GAAGAACGGTGCAGGT-1",1,14,40,1840,2764
"GAAGCCTGCACATTCC-1",1,61,61,5236,3650
"GAAGTCAGTTGCACTA-1",1,52,58,4586,3523
"GAAGTGATTTATCGTG-1",1,39,47,3647,3062
"GAAGTGCTGGATAGCT-1",1,15,61,1909,3638
"GAATCGCCGGACACGG-1",1,11,41,1623,2805
"GAATCTGAACATTCTC-1",1,42,64,3861,3769
"GAATTCACCCGGGTGT-1",1,47,55,4224,3397
"GACAACGCAGCTTACG-1",1,20,54,2272,3348
"GACACAGCCGGGACTG-1",1,72,100,6026,5274
"GACACTGAGTTCAGTG-1",1,44,46,4009,3022
"GACACTTCCAATTACC-1",1,70,96,5882,5107
"GACATCGATTTATAAC-1",1,52,50,4587,3190
"GACCGTGCTGACGGTG-1",1,40,52,3719,3270
"GACGACGATCCGCGTT-1",1,52,70,4584,4021
"GACGCCGTAAAGGCTA-1",1,54,54,4731,3357
"GACGGGCATCGAATTT-1",1,75,107,6242,5565
"GACGGGTTGGCCCGTA-1",1,61,51,5238,3234
"GACTAAGATCATGCAC-1",1,23,53,2489,3307
"GACTTCAACGCATCAA-1",1,74,94,6171,5025
"GAGAACGGTTCTGACT-1",1,67,103,5664,5397
"GAGACTTCGCGACCGA-1",1,53,57,4658,3481
"GAGAGGCCTATGTGTA-1",1,66,118,5589,6020
"GAGATGGGAGTCGACA-1",1,52,72,4584,4105
"GAGCATCATCCCTGGG-1",1,12,40,1695,2764
"GAGCGAGGGAGTACCG-1",1,14,58,1837,3513
"GAGCTCTCGGACCTAA-1",1,15,33,1913,2474
"GAGGAATGGAGAGGTT-1",1,27,31,2781,2394
"GAGGCCTGTTGATACA-1",1,63,107,5374,5562
"GAGTACGGGTATACAA-1",1,15,43,1912,2889
"GAGTAGATACTAGTTG-1",1,62,64,5308,3775
"GAGTATGCCCGCCTTG-1",1,49,43,4371,2898
"GAGTCAGACCAGAATC-1",1,56,48,4876,3108
"GAGTCCGCTTACCGGA-1",1,46,58,4152,3521
"GAGTGTCAACCAGAAA-1",1,63,83,5377,4565
"GATAAATCGGTGGATG-1",1,15,41,1912,2806
"GATACGATGGGAGTCA-1",1,45,45,4081,2980
"GATAGATAGTACAGTC-1",1,73,97,6099,5149
"GATAGGTAACGTTGAC-1",1,48,60,4296,3605
"GATCTGCTATCTAAGG-1",1,62,56,5309,3442
"GATCTTGGAGGGCATA-1",1,44,70,4005,4019
"GATGAGGAACCTTCGG-1",1,67,81,5667,4483
"GATGCGTCCTGCATTC-1",1,37,57,3501,3477
"GATGCTACAAGCGCCT-1",1,17,51,2055,3223
"GATGGCGCACACATTA-1",1,19,29,2203,2309
"GATGTTCAATCCACGA-1",1,41,43,3792,2896
"GATGTTTGTGCGAGAT-1",1,20,30,2275,2350
"GATTCCGCGTTTCCGT-1",1,16,76,1979,4261
"GATTCGACGGTTCACG-1",1,41,71,3788,4060
"GCAACGGCTAGTTATG-1",1,43,113,3926,5806
"GCAAGTGCACAGAGAA-1",1,24,42,2563,2850
"GCACCTAGGCGAGTCC-1",1,73,103,6098,5399
"GCACCTTCCCGAAGGT-1",1,67,121,5661,6145
"GCACGTGGTTTACTTA-1",1,64,106,5446,5521
"GCACTAGTCGCGCTAT-1",1,13,43,1767,2889
"GCAGATTAGGGATATC-1",1,37,61,3500,3643
"GCAGCTGTCAACGCAT-1",1,71,87,5956,4733
"GCATAGAGCACTCAGG-1",1,37,59,3501,3560
"GCATCCCTAACTTTGA-1",1,16,42,1984,2848
"GCATGCTAATAACGAT-1",1,67,95,5665,5065
"GCCACAATTTAAGGAC-1",1,45,39,4082,2731
"GCCATCGAGCTGCGTG-1",1,53,47,4660,3066
"GCCCACCAAGGCTGTC-1",1,12,38,1696,2681
"GCCCAGTTGGTATGCC-1",1,22,38,2419,2683
"GCCCGATCTGTGGTCG-1",1,53,63,4657,3731
"GCCCGCGCGTAAACGG-1",1,49,41,4371,2815
"GCCCGCGCGTTTGACA-1",1,20,40,2274,2766
"GCCGATTGGCCAAGCT-1",1,41,61,3790,3644
"GCCGGGTTAGGGTCGC-1",1,41,59,3790,3561
"GCCTACGTTCTGTGCA-1",1,68,82,5739,4524
"GCCTAGCGATCTGACC-1",1,20,42,2274,2849
"GCCTATTCCGATATAG-1",1,24,30,2565,2351
"GCCTTCAGCCCTACCG-1",1,16,50,1983,3181
"GCGAAACTTAACTGGA-1",1,44,82,4003,4518
"GCGAAGAATCTGACGG-1",1,66,84,5594,4607
"GCGACGATAGTTGTAC-1",1,48,54,4297,3355
"GCGCCGTTCCACGATA-1",1,41,65,3789,3811
"GCGCTATGCCGAGGCA-1",1,43,47,3936,3063
"GCGGACCGCGTTGTGG-1",1,51,43,4516,2899
"GCGGATTACTTGTTCT-1",1,74,110,6169,5690
"GCGGGAACCAGGCCCT-1",1,18,48,2128,3098
"GCGGGCGAGCCTTACC-1",1,55,51,4804,3232
"GCGGTCCCTAGACGCA-1",1,13,45,1767,2972
"GCGGTCTTGCTTTCAC-1",1,72,82,6029,4525
"GCGGTTCCCTATCATG-1",1,47,49,4225,3147
"GCGTCGAAATGTCGGT-1",1,17,65,2053,3804
"GCGTCGCCAGGGTGAT-1",1,54,62,4730,3689
"GCTAAGCCCAGTATGC-1",1,74,108,6169,5607
"GCTAATACCGAATGCC-1",1,21,47,2345,3057
"GCTACGACTTATTGGG-1",1,43,69,3933,3977
"GCTAGACCGTCTACTG-1",1,42,104,3855,5432
"GCTAGCTTGAATAGCT-1",1,52,44,4588,2941
"GCTAGTAGAGCTTGTA-1",1,39,65,3644,3810
"GCTAGTTTCATTGAGG-1",1,17,37,2057,2641
"GCTATAAGGGCCAGGA-1",1,75,109,6242,5649
"GCTCAATGTAATACCG-1",1,62,58,5309,3525
"GCTCGGAATTTAAAGC-1",1,22,84,2412,4596
"GCTCTAAACCCTGACG-1",1,24,58,2560,3515
"GCTCTATGTTACGTGC-1",1,26,40,2708,2768
"GCTCTTTCCGCTAGTG-1",1,64,54,5454,3359
"GCTGAGGCGTGAGTAT-1",1,40,64,3717,3769
"GCTGCACGGTTTCTTA-1",1,41,73,3788,4143
"GCTGCTAAGTAGTCGA-1",1,56,56,4875,3441
"GCTGCTACTGCGTAGC-1",1,51,75,4511,4229
"GCTGGCGGCGCATGCT-1",1,54,64,4729,3773
"GCTGTATTACTGGCCC-1",1,46,38,4155,2690
"GCTTCCATGTAACCGC-1",1,74,102,6170,5357
"GCTTCCCGTAAGCTCC-1",1,75,95,6244,5067
"GCTTGAGTGACCTCTG-1",1,73,113,6096,5814
"GCTTGATGATAATCAG-1",1,22,36,2419,2600
"GCTTTACACAACTGGG-1",1,70,116,5879,5938
"GGAACCGTGTAAATTG-1",1,49,47,4370,3065
"GGAAGGACACCGTATA-1",1,73,83,6101,4567
"GGACAACCATGAAGCC-1",1,70,102,5881,5356
"GGACCAACAGGATAAC-1",1,51,67,4512,3896
"GGACGGGCGACCAACC-1",1,67,117,5662,5979
"GGACTAAGTCAGGAGT-1",1,27,5,2785,1313
"GGACTCTTTGACTAAG-1",1,71,83,5956,4567
"GGAGAAGTCATTGGCA-1",1,23,41,2491,2808
"GGAGACGACACCTTTG-1",1,43,67,3933,3894
"GGAGTGCCGCCCTGGA-1",1,19,53,2200,3306
"GGAGTTGATTCTGTGT-1",1,68,112,5735,5771
"GGATGGCTTGAAGTAT-1",1,68,98,5737,5189
"GGATTCAGTACGGTGG-1",1,19,33,2203,2475
"GGATTCCGCTATACCC-1",1,19,81,2195,4470
"GGATTGAAGTAGCCTC-1",1,76,102,6315,5358
"GGCAAATTACTTTACT-1",1,41,53,3791,3312
"GGCAAGGCGAAATAGC-1",1,45,69,4078,3978
"GGCACGCTGCTACAGT-1",1,72,112,6024,5772
"GGCACTGCGGTGGTTT-1",1,70,110,5880,5689
"GGCATATCGGTTCTGC-1",1,17,83,2050,4553
"GGCCAATTGTATAGAC-1",1,74,98,6171,5191
"GGCCGCAGGAACCGCA-1",1,68,116,5734,5938
"GGCCGGCGTCTGCTAT-1",1,65,79,5523,4399
"GGCCGTTTGGGTTTCA-1",1,59,45,5094,2984
"GGCGCATGAATTGATG-1",1,42,54,3863,3354
"GGCGCGTTCGAGTTTA-1",1,47,59,4224,3563
"GGCGTAGGGAAAGCTG-1",1,64,82,5450,4523
"GGCTCGTGCCACCAGC-1",1,20,38,2274,2683
"GGCTTTCAATAAGGGT-1",1,60,62,5164,3691
"GGGAAAGAATGCCAAC-1",1,70,108,5880,5606
"GGGAAGGGCTTTCTCA-1",1,63,87,5377,4731
"GGGACCCGTATATCTT-1",1,57,53,4948,3316
"GGGAGCGACCGTAGTG-1",1,68,86,5739,4691
"GGGATGGTCGTAACCG-1",1,47,43,4226,2898
"GGGCAGAGCAATCGTT-1",1,58,60,5019,3607
"GGGCCCGTCTTAAACA-1",1,42,52,3863,3271
"GGGCGGCAAATGAATT-1",1,49,45,4371,2981
"GGGCGTACATTTATAT-1",1,24,54,2561,3349
"GGGCGTCACCACGTAA-1",1,48,50,4298,3189
"GGGCGTCCACTGGCTC-1",1,16,84,1978,4594
"GGGCTATGATCGATGG-1",1,57,51,4948,3233
"GGGTCAGGAGCTAGAT-1",1,65,55,5526,3401
"GGGTCTATCGCTTTCC-1",1,63,113,5373,5812
"GGGTGACACCTTAACT-1",1,46,56,4152,3438
"GGGTGTTTCAGCTATG-1",1,16,68,1980,3929
"GGGTTAACATTTGAGT-1",1,54,50,4731,3191
"GGGTTTAGGATAGGAT-1",1,43,107,3927,5557
"GGTAAACTCTGCGCTG-1",1,66,114,5590,5854
"GGTAACTATGTATCTG-1",1,12,44,1695,2930
"GGTACAAACATGCTAT-1",1,40,54,3718,3353
"GGTACGTTGCGGCCGG-1",1,66,112,5590,5771
"GGTAGACCGTTGGGCG-1",1,53,53,4659,3315
"GGTCAGTGGGTCCCAC-1",1,48,62,4296,3688
"GGTCGGTAATTAGACA-1",1,12,36,1696,2598
"GGTCGGTCGTCCACAG-1",1,56,52,4876,3274
"GGTCTCCGTCCAGGTT-1",1,63,101,5375,5313
"GGTGAAGTACAGGGAT-1",1,47,37,4227,2648
"GGTGAGATGCAGATAA-1",1,16,36,1985,2599
"GGTGCGGATAAGTGGC-1",1,16,46,1984,3014
"GGTGCTGGTACACATT-1",1,42,46,3864,3021
"GGTTCGCATTTGCCGT-1",1,75,103,6242,5399
"GGTTTGAGTGCTGGAA-1",1,12,42,1695,2847
"GTAAGCGGGCAGTCAG-1",1,23,63,2487,3723
"GTAAGTAGGGTATACC-1",1,26,36,2708,2601
"GTAATCTGATTCTTCG-1",1,50,44,4443,2940
"GTACGAGATTGCGACA-1",1,21,57,2344,3473
"GTACGCTTCATTGCAC-1",1,46,72,4150,4103
"GTACGTTTGCCCGTCA-1",1,44,68,4006,3936
"GTACTACGGCCTCGTT-1",1,75,85,6245,4651
"GTACTGAGGTCGTAAC-1",1,11,47,1622,3055
"GTACTGCATGAAGCGT-1",1,11,39,1623,2722
"GTACTTGGGCACTTCT-1",1,17,33,2058,2474
"GTAGACGTCGTTACAT-1",1,13,39,1768,2723
"GTAGCCAAACATGGGA-1",1,50,70,4439,4021
"GTAGCGGCTATACACT-1",1,39,69,3644,3976
"GTAGGTGATCCGTGTA-1",1,17,79,2051,4386
"GTAGTGAGCAACCTCA-1",1,69,113,5807,5813
"GTATAGGACTCAGTAG-1",1,20,58,2271,3514
"GTATCAGCTTGGGTTC-1",1,20,34,2275,2517
"GTATCCTTTGGTAACC-1",1,64,92,5448,4939
"GTATCTTTCATAACCA-1",1,46,66,4150,3854
"GTATTAAGGCGTCTAA-1",1,20,26,2276,2184
"GTCAACCAGGCCTATA-1",1,65,103,5519,5397
"GTCACTCTCCAAATCT-1",1,23,31,2492,2393
"GTCATGCGCGAGGGCT-1",1,64,98,5448,5188
"GTCATTAGAGCGAACG-1",1,37,67,3499,3893
"GTCCAATATTTAGCCT-1",1,65,53,5527,3318
"GTCCACGTCGCATTCG-1",1,64,118,5445,6020
"GTCCATTACTGCTACG-1",1,42,106,3855,5515
"GTCGCCGTTGTGTGTT-1",1,57,43,4950,2900
"GTCGGATGTAGCGCGC-1",1,17,77,2051,4303
"GTCGGGAAGCAGAAAC-1",1,59,65,5091,3815
"GTCGGGTGAAGTACCG-1",1,72,116,6023,5939
"GTCGTACCATCTCGGG-1",1,46,62,4151,3687
"GTCGTCAATTATAAGG-1",1,11,45,1622,2972
"GTCGTTATTCGCTTAT-1",1,46,76,4149,4269
"GTCTAGTGAGCCGCTT-1",1,66,92,5593,4940
"GTCTATTGCATGCTCG-1",1,65,105,5519,5480
"GTCTCCCGAGTCCCGT-1",1,72,110,6024,5689
"GTCTCGATCTGCTTTC-1",1,20,80,2268,4429
"GTCTGCCGACTCGACG-1",1,73,87,6100,4734
"GTCTGGGCGGTCGAGA-1",1,46,44,4154,2939
"GTCTTGTAGCTATTCA-1",1,44,112,3999,5765
"GTGAAACGGCGCCACC-1",1,24,88,2556,4762
"GTGACTTCAGTAGTGC-1",1,46,50,4153,3188
"GTGAGTCGACTAATAG-1",1,71,113,5952,5814
"GTGAGTGGTACAACGC-1",1,52,56,4586,3439
"GTGATCATAGATCTGC-1",1,45,57,4079,3479
"GTGATCCTTGTCATGA-1",1,62,84,5305,4606
"GTGATTCGCCGCTCAA-1",1,48,40,4299,2773
"GTGCACCAGCTTCAAC-1",1,66,54,5599,3360
"GTGCACGAAAGTGACT-1",1,17,71,2052,4054
"GTGCCGCTTCAAAGGT-1",1,44,44,4009,2939
"GTGCCTGAGACCAAAC-1",1,69,89,5811,4816
"GTGCGAAATCGAACAC-1",1,45,43,4082,2897
"GTGCGGGTCTCCAAAT-1",1,20,56,2271,3431
"GTGGACGCATTTGTCC-1",1,56,64,4874,3773
"GTGGACGTGCTGAGAC-1",1,17,39,2057,2724
"GTGGCTGTTTCTGTTC-1",1,70,92,5882,4941
"GTGGTATAGTCTGCCG-1",1,57,41,4950,2817
"GTGGTGGCCAAGTGAA-1",1,45,79,4076,4394
"GTGTTACTATGCGTCC-1",1,41,75,3787,4226
"GTTAACTATGTTGTCA-1",1,43,111,3927,5723
"GTTACCAAGGCGTACG-1",1,70,120,5878,6104
"GTTACCTACAACTTGC-1",1,47,67,4223,3895
"GTTACTTTGGGCCTAG-1",1,43,51,3936,3229
"GTTATATTATCTCCCT-1",1,48,56,4297,3438
"GTTATCAAGCTATCGA-1",1,71,103,5953,5398
"GTTCCAGTCTGACCAT-1",1,17,53,2055,3306
"GTTCGGAGCACTCAAC-1",1,64,114,5445,5854
"GTTCTTCCCTCGATGT-1",1,15,51,1911,3222
"GTTGAACCGGTTCCAT-1",1,42,40,3865,2772
"GTTGCACGGAGTTTCG-1",1,24,48,2562,3100
"GTTGGTCATGCTATCC-1",1,55,63,4802,3731
"GTTGTCGTGTTAGTTG-1",1,15,47,1911,3056
"GTTTACGTTCCATCTG-1",1,48,64,4295,3771
"GTTTCCTGGAGGGTGA-1",1,25,49,2634,3141
"GTTTCTAGAGGCGCGG-1",1,69,93,5810,4982
"GTTTCTGCAGTCTCCC-1",1,40,72,3716,4101
"GTTTGGGCTTGTGAGC-1",1,51,65,4512,3813
"GTTTGGGTTTCGCCCG-1",1,63,91,5376,4897
"GTTTGGTAGGGTCAAC-1",1,53,59,4658,3564
"TAAAGCGGTATTTCCA-1",1,63,49,5383,3151
"TAAATGAATCCGTTTC-1",1,23,29,2492,2310
"TAACAAAGGGAGAAGC-1",1,21,35,2347,2558
"TAACATACAATGTGGG-1",1,38,70,3571,4018
"TAACTATCGAAGGTCC-1",1,24,34,2564,2518
"TAACTCATCCGCGCGG-1",1,43,49,3936,3146
"TAACTCCATGGAGGCT-1",1,19,27,2203,2225
"TAAGGAACTTGTGGGA-1",1,16,40,1985,2765
"TAAGGCATAACATCAA-1",1,57,49,4949,3150
"TAAGTAACATCTTGAC-1",1,46,40,4154,2773
"TAATACACAGTAGTAT-1",1,20,64,2270,3764
"TAATATTGAAATTCGC-1",1,17,47,2056,3056
"TAATTAGGACATCCGT-1",1,42,108,3855,5598
"TAATTCCAATGCTTCA-1",1,65,121,5516,6145
"TACAACGCACAACTCA-1",1,41,49,3791,3146
"TACAAGGGCTTCTTTA-1",1,68,94,5737,5023
"TACACCTCTTCGAATC-1",1,71,91,5955,4899
"TACATAGGCATACACC-1",1,40,60,3717,3603
"TACATTTCTAACGTGC-1",1,39,55,3646,3395
"TACCAAATAGCCCAGA-1",1,59,61,5091,3649
"TACCAGAAGTAGGTTC-1",1,49,51,4370,3231
"TACCGAATAATTGTAA-1",1,67,93,5665,4981
"TACCGGCTCACTGCCC-1",1,47,65,4223,3812
"TACCGTAGGTTAACTA-1",1,59,57,5092,3483
"TACCGTGCCTCGGACC-1",1,51,69,4512,3980
"TACCTACTCCCAGTAT-1",1,58,62,5019,3690
"TACCTCACGCTTGTAC-1",1,16,56,1982,3430
"TACCTCAGTTGTCTGT-1",1,60,50,5165,3192
"TACCTCTTTACCATCC-1",1,66,122,5589,6187
"TACGACGCTTGCTGCG-1",1,46,54,4152,3355
"TACGACTGCCTCTTAG-1",1,44,66,4006,3853
"TACGCAGTTCTTTCCT-1",1,41,51,3791,3229
"TACGCCATATTCTAAT-1",1,40,58,3718,3519
"TACGCCTCCATTCCGA-1",1,55,59,4802,3565
"TACGGCATGGACGCTA-1",1,63,115,5373,5895
"TACGGGATGCTAGCAG-1",1,21,83,2340,4554
"TACGGGTAATAACATA-1",1,72,88,6028,4775
"TACGTAAAGCGGAGTG-1",1,63,103,5374,5396
"TACGTGCACTATGCTG-1",1,21,33,2347,2475
"TACGTGGGCCCAGGGC-1",1,69,81,5812,4483
"TACTACGTGCAATGCG-1",1,71,85,5956,4650
"TACTATGGTTCCTCAG-1",1,57,47,4949,3067
"TACTCGTTTGAATCAA-1",1,72,86,6028,4692
"TACTCTCCGAACAAAT-1",1,21,81,2340,4471
"TACTCTTTCGTCTTCA-1",1,58,46,5021,3025
"TACTGAACAGATTTAG-1",1,56,44,4877,2942
"TACTTAAACATGTACA-1",1,66,108,5591,5605
"TAGAGCTACGAAGAAC-1",1,13,53,1766,3305
"TAGAGTGTTCCGGGTA-1",1,75,101,6243,5316
"TAGATATGGACTGGAA-1",1,49,53,4369,3314
"TAGCAACCTGTCACAA-1",1,22,26,2421,2185
"TAGCAGATACTTAGGG-1",1,73,93,6099,4983
"TAGCAGTATGACTAAA-1",1,66,98,5592,5189
"TAGCGTTGGGTCTTAC-1",1,38,68,3572,3935
"TAGCTAGAAGGCATGA-1",1,51,51,4514,3231
"TAGCTAGTGATGATGG-1",1,60,48,5166,3109
"TAGCTCGCCTGATAAC-1",1,50,58,4441,3522
"TAGGAGGCTCGAGAAC-1",1,73,115,6096,5897
"TAGGCATGTTACGCCA-1",1,23,85,2484,4637
"TAGGCCTATATAGTCT-1",1,66,110,5590,5688
"TAGGCTAAAGTGGCAC-1",1,65,99,5520,5230
"TAGGGTGTTTCAAGAG-1",1,22,54,2416,3349
"TAGGTGTTCCACAGAT-1",1,60,60,5164,3608
"TAGTCCGCAGAGAATG-1",1,39,53,3646,3311
"TAGTTTATTCTTGCTT-1",1,13,57,1765,3471
"TATAAATCCACAAGCT-1",1,20,44,2273,2932
"TATAAGTGAGGATAGC-1",1,21,39,2346,2725
"TATACACAGACGCCTT-1",1,50,60,4441,3605
"TATACACGCAAAGTAT-1",1,18,36,2130,2599
"TATAGAGTCGCTTGAA-1",1,64,46,5455,3027
"TATCCATATCATGCGA-1",1,18,52,2127,3264
"TATCCGCACCGTCGGG-1",1,59,53,5093,3317
"TATCCTGCATGGGAAT-1",1,14,54,1838,3346
"TATCGATCTATGCATA-1",1,22,88,2411,4762
"TATCGATGATTAAACG-1",1,23,49,2489,3141
"TATCTACCACAGCGGG-1",1,42,60,3862,3603
"TATGAAGAATTAAGGT-1",1,67,99,5664,5231
"TATGCTCCCTACTTAC-1",1,25,61,2632,3640
"TATGGATGTGCTACGC-1",1,26,54,2706,3350
"TATGGTTAGTGGGAGA-1",1,41,105,3783,5473
"TATTAACCTGACCGCG-1",1,57,45,4949,2984
"TATTCCACTCAGCTCG-1",1,49,57,4369,3480
"TATTGCCGGGCTTGTA-1",1,67,113,5662,5813
"TATTTAGTCTAGATCG-1",1,18,58,2127,3514
"TATTTATACCGAGTAG-1",1,16,78,1979,4345
"TATTTGTTACCCTTTA-1",1,24,46,2562,3016
"TCAAACAACCGCGTCG-1",1,24,60,2560,3598
"TCAACATAGCGCCCTA-1",1,58,44,5022,2942
"TCAACCATGTTCGGGC-1",1,25,51,2634,3225
"TCAACGAGGAGACAAA-1",1,42,56,3863,3437
"TCAATACGCCGTCATG-1",1,63,61,5381,3650
"TCAATATACAGGAGGC-1",1,70,118,5879,6021
"TCAATCCCGCGCCAAA-1",1,69,121,5806,6146
"TCAATCCGGGAAGTTT-1",1,74,104,6170,5440
"TCACAGCAAACTCGAA-1",1,51,49,4515,3148
"TCACAGGAGAATAAGA-1",1,55,49,4804,3149
"TCACCCTCTTAAGATT-1",1,45,59,4079,3562
"TCACGGTCATCGCACA-1",1,23,45,2490,2975
"TCACGTGCCCGATTCA-1",1,38,62,3572,3685
"TCACTATCCCTTCGGT-1",1,72,104,6025,5440
"TCAGACGCTATAGAAG-1",1,48,72,4294,4104
"TCAGAGGACGCGTTAG-1",1,75,87,6245,4734
"TCAGCCAATCCGTAAA-1",1,63,105,5374,5479
"TCAGTACTGACCCGCG-1",1,26,34,2709,2518
"TCAGTAGGGACTATAA-1",1,46,48,4153,3105
"TCATCACTCGAGCTCG-1",1,17,29,2059,2308
"TCATCCTCAGCTGCTT-1",1,68,90,5738,4857
"TCATCGACGACCGTCG-1",1,70,84,5884,4608
"TCATGCAGGTTCTCAT-1",1,18,84,2123,4594
"TCCAACTCAGCTATCT-1",1,67,91,5666,4898
"TCCAAGCCTAGACACA-1",1,67,79,5667,4399
"TCCAATAAAGGCTACC-1",1,63,53,5382,3318
"TCCACCAAGACATAGG-1",1,72,108,6025,5606
"TCCACCTCTAGCCTTT-1",1,61,53,5237,3317
"TCCAGAGCACCGGTTC-1",1,40,70,3716,4018
"TCCAGGGTATATACGA-1",1,61,63,5236,3733
"TCCCGTGTGCAATTTG-1",1,44,80,4004,4435
"TCCCTCTTCTCAAGGG-1",1,65,115,5517,5895
"TCCCTTAGATTACTCG-1",1,18,86,2122,4678
"TCCCTTGTCTGAAACT-1",1,67,115,5662,5896
"TCCGATAATTGCCATA-1",1,18,64,2126,3763
"TCCGATGGTGCGACAT-1",1,25,53,2634,3308
"TCCGCTTATCCCATTA-1",1,50,64,4440,3771
"TCCGGGCCACTAACGG-1",1,76,100,6315,5275
"TCCGGGCTTGACGGGA-1",1,66,96,5593,5106
"TCCGGTTCGTCCGGTC-1",1,51,53,4514,3315
"TCCTAAAGATTCAGAC-1",1,68,84,5739,4608
"TCCTAAATTGGGAAGC-1",1,56,70,4873,4022
"TCCTAACCGTCGGGCA-1",1,62,46,5311,3026
"TCCTAGCAAAGAAGCT-1",1,41,41,3793,2813
"TCCTCTACGAGATGGC-1",1,26,32,2709,2435
"TCGAGACCAACACCGT-1",1,37,55,3501,3394
"TCGCAAAGATGCATTT-1",1,47,75,4221,4228
"TCGCATAAAGGGCGCA-1",1,63,111,5373,5729
"TCGCATCCCTAAGTGT-1",1,15,31,1914,2391
"TCGCCGACATATTCGC-1",1,66,86,5594,4690
"TCGCCGGATGGGCAAG-1",1,26,4,2713,1271
"TCGCCGGTCGATCCGT-1",1,19,61,2198,3639
"TCGCCTCCTTCGGCTC-1",1,74,92,6172,4942
"TCGCTGTGCGTAAATC-1",1,17,41,2057,2807
"TCGTAACTCCCAAGAC-1",1,67,119,5661,6062
"TCGTACCGACGTCAAG-1",1,68,56,5743,3444
"TCGTATAGTGCAATTA-1",1,12,56,1693,3429
"TCGTCCGCTGGCGTCT-1",1,22,40,2419,2767
"TCGTTAGGAGTCCCTA-1",1,52,54,4586,3356
"TCGTTGCTATCCGGTC-1",1,54,46,4732,3024
"TCGTTTACGCGACCCT-1",1,70,94,5882,5024
"TCTAACCTAGCCTGCG-1",1,74,112,6169,5773
"TCTAGCATCTTCGATG-1",1,23,43,2490,2892
"TCTAGCATGCCCAGAA-1",1,48,66,4295,3854
"TCTATAGGTGGGTAAT-1",1,65,109,5518,5646
"TCTATCATGCAGTTAC-1",1,18,40,2129,2766
"TCTATCCGATTGCACA-1",1,73,85,6100,4650
"TCTATCGGTCGCAACA-1",1,22,64,2415,3764
"TCTATGCTATAACGAC-1",1,64,94,5448,5022
"TCTATTACGCTGGCGA-1",1,14,34,1841,2515
"TCTCAAATCAATCGGG-1",1,71,89,5955,4816
"TCTCAGGCTACTCGCT-1",1,72,118,6023,6022
"TCTCCAACGTAGGTTA-1",1,20,78,2268,4346
"TCTCTAATAGCTGGTA-1",1,20,52,2272,3265
"TCTGAACCGGTCGGCT-1",1,21,37,2347,2642
"TCTTACAGAGGTACCG-1",1,15,45,1911,2973
"TCTTACGGCATCCGAC-1",1,25,29,2637,2310
"TCTTAGAGTGAACTCT-1",1,43,99,3929,5225
"TCTTCGAATAGACGTT-1",1,39,71,3643,4060
"TCTTGGTAACACCAAA-1",1,21,65,2342,3805
"TGAATACCGACGCGTA-1",1,66,82,5595,4524
"TGAATGAGTGTTTCCC-1",1,66,50,5599,3194
"TGACCCACGTTAGACA-1",1,33,47,3213,3060
"TGACTATAATCCTTTC-1",1,46,68,4150,3937
"TGACTCTAACTGGTAA-1",1,67,123,5661,6228
"TGAGAATGCTTTACCG-1",1,18,54,2127,3347
"TGAGCGGAAAGTGTTC-1",1,55,65,4802,3814
"TGAGCTTTAATGACGC-1",1,19,85,2195,4636
"TGAGGAGTGCCAGCTT-1",1,58,58,5020,3524
"TGAGTAAATTAGCGTA-1",1,47,57,4224,3480
"TGAGTGCCTCTTAAAT-1",1,45,41,4082,2814
"TGAGTGTAACAACGGG-1",1,73,105,6097,5482
"TGATACATTTAGCCGT-1",1,55,43,4805,2900
"TGATCTATCACACTCT-1",1,72,92,6027,4941
"TGATTCCCGGTTACCT-1",1,64,50,5455,3193
"TGATTCTGTCGCCGGT-1",1,48,44,4298,2940
"TGATTTCCTCCTGACG-1",1,16,34,1985,2516
"TGCAACTACTGGTTGA-1",1,69,91,5810,4899
"TGCAATCTAACACGGT-1",1,62,90,5304,4855
"TGCATGGATCGGATCT-1",1,19,67,2197,3888
"TGCCAATGGGTACTCT-1",1,54,52,4731,3274
"TGCCACCTGGCGAAAC-1",1,20,76,2268,4262
"TGCCAGTACGTGGAGA-1",1,51,71,4511,4063
"TGCCATTACTAAAGAA-1",1,21,87,2339,4720
"TGCCGTGGATCGTCCT-1",1,57,63,4947,3732
"TGCCTGATCAAACGAT-1",1,20,70,2269,4013
"TGCGACACCCTAGTGC-1",1,46,46,4153,3022
"TGCGAGAATATTACCC-1",1,50,40,4444,2774
"TGCGGCATAGTTCAAC-1",1,12,54,1693,3346
"TGCGTAAGAACCTGAT-1",1,43,43,3937,2897
"TGCGTACGGCTAATTG-1",1,67,101,5664,5314
"TGCTCGGCGAAACCCA-1",1,57,61,4947,3649
"TGCTGGTTGGACAATT-1",1,21,41,2346,2808
"TGCTGTTGAAGAACTC-1",1,38,66,3572,3851
"TGGAAGACGAACACCA-1",1,14,46,1839,3014
"TGGAAGGATAAAGATG-1",1,20,68,2270,3930
"TGGACCAATCTAAGAT-1",1,62,80,5306,4440
"TGGCAACTCGCGCGCC-1",1,22,86,2412,4679
"TGGCAGATTACGATCA-1",1,44,58,4007,3521
"TGGCAGCAGTAATAGT-1",1,39,61,3645,3644
"TGGCCGTATATTGACC-1",1,26,38,2708,2684
"TGGCGACTGCTCCAAA-1",1,55,47,4804,3066
"TGGCGATCAAGTTATG-1",1,51,55,4514,3398
"TGGCTACACTCTACCT-1",1,64,100,5447,5272
"TGGCTTTGGGTAGACA-1",1,19,51,2200,3223
"TGGGAAATGCCTTTCC-1",1,23,27,2493,2226
"TGGGCACGTTCTATGG-1",1,15,73,1907,4136
"TGGGCCACAAGAGCGC-1",1,18,72,2124,4096
"TGGGTGCACAAGCCAT-1",1,69,85,5811,4649
"TGGGTGTAATAGATTT-1",1,68,102,5736,5356
"TGGTTATGCTTGCGGT-1",1,25,1,2641,1146
"TGGTTCAACGGGTAAT-1",1,50,74,4439,4187
"TGGTTCGTAGCAAAGG-1",1,23,55,2489,3390
"TGTACGAACAAATCCG-1",1,38,58,3573,3519
"TGTACTATCGCTCGTT-1",1,76,94,6316,5025
"TGTACTTCCGGGCATG-1",1,70,114,5879,5855
"TGTCCACGGCTCAACT-1",1,65,101,5519,5313
"TGTCTACAGTTTCTGT-1",1,11,53,1621,3304
"TGTGACTACGCCAGTC-1",1,21,73,2341,4138
"TGTGACTAGAGTTTGC-1",1,68,110,5735,5688
"TGTGAGACTAGCCCAA-1",1,59,63,5091,3732
"TGTGGCGGGCTTCTGG-1",1,65,59,5526,3568
"TGTGGTTGCTAAAGCT-1",1,65,49,5527,3152
"TGTGTCGCGAGTTGCA-1",1,24,36,2564,2601
"TGTTCGTATTGCGGTG-1",1,49,61,4368,3647
"TGTTTCGGTACTTCTC-1",1,18,56,2127,3431
"TTAAAGTAAGTCGCCA-1",1,69,105,5808,5481
"TTAACCAACCCTCCCT-1",1,19,55,2199,3389
"TTAAGTATTGTTATCC-1",1,64,90,5449,4856
"TTAATCAGTACGTCAG-1",1,18,76,2124,4262
"TTAATTTCAGACGCGG-1",1,17,69,2053,3971
"TTACAACTACGCATCC-1",1,24,52,2561,3266
"TTACATCGTGGCCTGG-1",1,20,36,2274,2600
"TTACATGCCACAACTA-1",1,41,103,3783,5390
"TTACCCATTGCCGGGT-1",1,17,85,2050,4636
"TTACCCTAGGGATTGG-1",1,60,58,5164,3525
"TTACGTATCTATGACA-1",1,64,116,5445,5937
"TTACTGGGATATTTCA-1",1,44,54,4008,3354
"TTAGAAGAACATGACT-1",1,52,64,4585,3772
"TTAGAATAAGGGTCGG-1",1,61,45,5239,2985
"TTAGCAACATGGATGT-1",1,20,28,2276,2267
"TTATCCAATCGAACTC-1",1,13,33,1769,2473
"TTATCTGTATCATAAC-1",1,22,60,2416,3598
"TTATGAATGAAAGGGA-1",1,41,63,3789,3728
"TTATTAGAGCGTGTTC-1",1,46,70,4150,4020
"TTATTAGGGAAGCATC-1",1,15,59,1909,3555
"TTCAACGACCCGACCG-1",1,20,48,2273,3099
"TTCACGAAAGGATCAC-1",1,38,54,3574,3353
"TTCACTTCCTAGAACG-1",1,67,51,5672,3236
"TTCATGGCGCAACAGG-1",1,19,75,2196,4221
"TTCCAATCTGGCTATC-1",1,48,46,4298,3023
"TTCCACACAGATTTGA-1",1,50,46,4443,3023
"TTCCGCGTGAGGCGAT-1",1,46,64,4151,3770
"TTCCGGCCTTGAGGCT-1",1,54,44,4732,2941
"TTCCTCGAGGGTGTCT-1",1,21,49,2345,3140
"TTCGACAGAGCCCGTG-1",1,52,68,4584,3938
"TTCGACGGGAAGGGCG-1",1,24,44,2563,2933
"TTCGCACTCGCGTGCT-1",1,25,45,2635,2975
"TTCGCACTGTACGACA-1",1,61,59,5236,3567
"TTCGCGCGCCATACGA-1",1,59,47,5094,3067
"TTCTACTTGCGAGGGC-1",1,22,32,2420,2434
"TTCTAGAAAGTCTTAT-1",1,60,46,5166,3026
"TTCTAGGCCAATTGTG-1",1,22,44,2418,2933
"TTCTATTAAACGCAGC-1",1,67,55,5671,3402
"TTCTGCCGCGCCTAGA-1",1,49,69,4367,3979
"TTCTTAGTGAACGGTG-1",1,18,34,2130,2516
"TTCTTAGTGGCTCAGA-1",1,17,61,2054,3638
"TTCTTGAGCCGCGCTA-1",1,47,41,4227,2815
"TTCTTGGAGTAATGAG-1",1,21,79,2340,4387
"TTCTTGTAACCTAATG-1",1,23,35,2492,2559
"TTGAAACCCTCATTCC-1",1,68,120,5734,6104
"TTGACCAGGAACAACT-1",1,64,80,5450,4440
"TTGACTACCATATGGT-1",1,43,41,3937,2814
"TTGAGAGTACTGCTAA-1",1,44,38,4010,2689
"TTGAGCAGCCCACGGT-1",1,44,116,3998,5931
"TTGATTATGCAGATGA-1",1,27,33,2781,2477
"TTGCACAATTCAGAAA-1",1,43,57,3935,3479
"TTGCACGGAGCAGCAC-1",1,21,59,2343,3556
"TTGCCAAGCAGAACCC-1",1,44,114,3999,5848
"TTGCCTTCTCGCCGGG-1",1,68,104,5736,5439
"TTGCGCACAACCACGT-1",1,76,106,6314,5524
"TTGCGCTTGATCAATA-1",1,69,101,5809,5314
"TTGCGGCATCAGAAAG-1",1,53,45,4660,2982
"TTGCGTCGGCCAACCG-1",1,51,41,4516,2816
"TTGCGTGTGTAGGCAT-1",1,69,83,5811,4566
"TTGCTCATAGTACGTG-1",1,67,107,5663,5563
"TTGCTGAAGGAACCAC-1",1,19,57,2199,3472
"TTGGATATCGTCTACG-1",1,48,52,4297,3272
"TTGGATTGGGTACCAC-1",1,17,55,2055,3389
"TTGGCCAAATTGTATC-1",1,74,86,6173,4692
"TTGGCCTAGAATTTCG-1",1,16,82,1978,4511
"TTGGCTCAATATGTGT-1",1,65,113,5518,5812
"TTGGCTCGCATGAGAC-1",1,23,37,2491,2642
"TTGGTCACACTCGTAA-1",1,48,48,4298,3106
"TTGTCGTTCAGTTACC-1",1,22,58,2416,3515
"TTGTGATCTGTTCAGT-1",1,69,111,5807,5730
"TTGTGGCCCTGACAGT-1",1,18,60,2126,3597
"TTGTGGTGGTACTAAG-1",1,63,95,5376,5063
"TTGTGTATGCCACCAA-1",1,56,60,4875,3607
"TTGTGTTTCCCGAAAG-1",1,51,59,4513,3564
"TTGTTAGCAAATTCGA-1",1,22,42,2418,2850
"TTGTTTCACATCCAGG-1",1,58,42,5022,2859
